"Site_Num","Site_Name","HUC8","Lat","Long","num_years_of_record","years_of_record"
"09379200","CHINLE CREEK NEAR MEXICAN WATER, AZ",14080204,36.943891,-109.7106684,59,"1965, 1966, 1967, 1968, 1969, 1970, 1971, 1972, 1973, 1974, 1975, 1976, 1977, 1978, 1979, 1980, 1981, 1982, 1983, 1984, 1985, 1986, 1987, 1988, 1989, 1990, 1991, 1992, 1993, 1994, 1995, 1996, 1997, 1998, 1999, 2000, 2001, 2002, 2003, 2004, 2005, 2006, 2007, 2008, 2009, 2010, 2011, 2012, 2013, 2014, 2015, 2016, 2017, 2018, 2019, 2020, 2021, 2022, 2023"
"09382000","PARIA RIVER AT LEES FERRY, AZ",14070007,36.87220977,-111.5946052,100,"1924, 1925, 1926, 1927, 1928, 1929, 1930, 1931, 1932, 1933, 1934, 1935, 1936, 1937, 1938, 1939, 1940, 1941, 1942, 1943, 1944, 1945, 1946, 1947, 1948, 1949, 1950, 1951, 1952, 1953, 1954, 1955, 1956, 1957, 1958, 1959, 1960, 1961, 1962, 1963, 1964, 1965, 1966, 1967, 1968, 1969, 1970, 1971, 1972, 1973, 1974, 1975, 1976, 1977, 1978, 1979, 1980, 1981, 1982, 1983, 1984, 1985, 1986, 1987, 1988, 1989, 1990, 1991, 1992, 1993, 1994, 1995, 1996, 1997, 1998, 1999, 2000, 2001, 2002, 2003, 2004, 2005, 2006, 2007, 2008, 2009, 2010, 2011, 2012, 2013, 2014, 2015, 2016, 2017, 2018, 2019, 2020, 2021, 2022, 2023"
"09383100","COLORADO R ABV LITTLE COLORADO R NR DESERT VIEW",15010001,36.2040833,-111.8007222,11,"1990, 1991, 1992, 1994, 1995, 1996, 1997, 1998, 1999, 2000, 2001"
"09383400","LITTLE COLORADO RIVER AT GREER, AZ",15020001,34.0167143,-109.4573125,36,"1961, 1962, 1963, 1964, 1965, 1966, 1967, 1968, 1969, 1970, 1971, 1972, 1973, 1974, 1975, 1976, 1977, 1978, 1979, 1980, 1981, 2009, 2010, 2011, 2012, 2013, 2014, 2015, 2016, 2017, 2018, 2019, 2020, 2021, 2022, 2023"
"09383500","NUTRIOSO CREEK ABV NELSON RES NR SPRINGERVILLE, AZ",15020001,34.03032717,-109.1864707,18,"1968, 1969, 1970, 1971, 1972, 1973, 1974, 1975, 1976, 1977, 1978, 1979, 1980, 1981, 2009, 2010, 2011, 2012"
"09384000","LITTLE COLORADO R ABV LYMAN LAKE NR ST. JOHNS, AZ",15020001,34.31448635,-109.362315,83,"1941, 1942, 1943, 1944, 1945, 1946, 1947, 1948, 1949, 1950, 1951, 1952, 1953, 1954, 1955, 1956, 1957, 1958, 1959, 1960, 1961, 1962, 1963, 1964, 1965, 1966, 1967, 1968, 1969, 1970, 1971, 1972, 1973, 1974, 1975, 1976, 1977, 1978, 1979, 1980, 1981, 1982, 1983, 1984, 1985, 1986, 1987, 1988, 1989, 1990, 1991, 1992, 1993, 1994, 1995, 1996, 1997, 1998, 1999, 2000, 2001, 2002, 2003, 2004, 2005, 2006, 2007, 2008, 2009, 2010, 2011, 2012, 2013, 2014, 2015, 2016, 2017, 2018, 2019, 2020, 2021, 2022, 2023"
"09385700","LITTLE COLORADO RIVER BELOW SALADO SPRINGS, AZ",15020002,34.4505935,-109.3623199,22,"1986, 2003, 2004, 2005, 2006, 2007, 2008, 2009, 2010, 2011, 2012, 2013, 2014, 2015, 2016, 2017, 2018, 2019, 2020, 2021, 2022, 2023"
"09386030","LITTLE COLORADO RVR ABV ZION RES. NR ST. JOHNS, AZ",15020002,34.5836456,-109.4070467,47,"1976, 1977, 1978, 1979, 1980, 1981, 1982, 1983, 1984, 1985, 1986, 1987, 1988, 1989, 1990, 1991, 1992, 1993, 1994, 1995, 1996, 1997, 1998, 1999, 2000, 2001, 2002, 2003, 2004, 2005, 2006, 2007, 2008, 2010, 2011, 2012, 2013, 2014, 2015, 2016, 2017, 2018, 2019, 2020, 2021, 2022, 2023"
"09386250","CARRIZO WASH NEAR ST. JOHNS, AZ",15020003,34.6147587,-109.3184306,14,"1999, 2000, 2001, 2002, 2003, 2004, 2005, 2006, 2007, 2008, 2009, 2010, 2011, 2012"
"09386500","LITTLE COLORADO R AB ZUNI R NR HUNT, AZ.",15020002,34.64170039,-109.6770533,31,"1941, 1942, 1943, 1944, 1945, 1946, 1947, 1948, 1949, 1950, 1951, 1952, 1953, 1954, 1955, 1956, 1957, 1958, 1959, 1960, 1961, 1962, 1963, 1964, 1965, 1966, 1967, 1968, 1969, 1970, 1971"
"09388000","LITTLE COLORADO RIVER NR HUNT, AZ",15020002,34.64725615,-109.7034425,34,"1930, 1931, 1932, 1941, 1942, 1943, 1944, 1945, 1946, 1947, 1948, 1949, 1950, 1951, 1952, 1953, 1954, 1955, 1956, 1957, 1958, 1959, 1960, 1961, 1962, 1963, 1964, 1965, 1966, 1967, 1968, 1969, 1970, 1971"
"09390000","SILVER CREEK NEAR SHUMWAY ARIZ",15020005,34.37503945,-110.0090008,10,"1945, 1946, 1947, 1948, 1949, 1950, 1951, 1952, 1953, 1954"
"09390500","SHOW LOW CREEK NEAR LAKESIDE, AZ",15020005,34.17948755,-109.9878858,70,"1954, 1955, 1956, 1957, 1958, 1959, 1960, 1961, 1962, 1963, 1964, 1965, 1966, 1967, 1968, 1969, 1970, 1971, 1972, 1973, 1974, 1975, 1976, 1977, 1978, 1979, 1980, 1981, 1982, 1983, 1984, 1985, 1986, 1987, 1988, 1989, 1990, 1991, 1992, 1993, 1994, 1995, 1996, 1997, 1998, 1999, 2000, 2001, 2002, 2003, 2004, 2005, 2006, 2007, 2008, 2009, 2010, 2011, 2012, 2013, 2014, 2015, 2016, 2017, 2018, 2019, 2020, 2021, 2022, 2023"
"09392500","SHOW LOW CREEK AT SHOW LOW ARIZ",15020005,34.25281947,-110.0284437,10,"1945, 1946, 1947, 1948, 1949, 1950, 1951, 1952, 1953, 1954"
"09394000","SILVER CR NR WOODRUFF ARIZ",15020005,34.7333645,-110.0340052,15,"1930, 1931, 1932, 1936, 1937, 1938, 1939, 1940, 1941, 1942, 1943, 1944, 1945, 1946, 1951"
"09394500","LITTLE COLORADO RIVER AT WOODRUFF, AZ",15020002,34.7828076,-110.0442837,92,"1906, 1919, 1930, 1931, 1932, 1936, 1937, 1938, 1939, 1940, 1941, 1942, 1943, 1944, 1945, 1946, 1947, 1948, 1949, 1950, 1951, 1952, 1953, 1954, 1955, 1956, 1957, 1958, 1959, 1960, 1961, 1962, 1963, 1964, 1965, 1966, 1967, 1968, 1969, 1970, 1971, 1972, 1973, 1974, 1975, 1976, 1977, 1978, 1979, 1980, 1981, 1982, 1983, 1984, 1985, 1986, 1987, 1988, 1989, 1990, 1991, 1992, 1993, 1994, 1995, 1996, 1997, 1998, 1999, 2000, 2001, 2002, 2003, 2004, 2005, 2006, 2007, 2008, 2009, 2010, 2011, 2012, 2013, 2014, 2015, 2016, 2018, 2019, 2020, 2021, 2022, 2023"
"09395900","BLACK CREEK NR LUPTON, AZ",15020006,35.45252205,-109.126482,13,"1965, 1966, 1967, 1968, 1969, 1970, 1971, 1972, 1975, 1976, 1977, 1980, 1981"
"09397000","LITTLE COLORADO RIVER AT HOLBROOK, AZ",15020008,34.8978039,-110.1631768,41,"1906, 1950, 1951, 1952, 1953, 1954, 1955, 1956, 1957, 1958, 1959, 1960, 1961, 1962, 1963, 1964, 1965, 1966, 1967, 1968, 1969, 1970, 1971, 1972, 1973, 2004, 2005, 2006, 2007, 2008, 2009, 2010, 2011, 2012, 2013, 2014, 2015, 2016, 2017, 2018, 2019"
"09397500","CHEVELON FORK BELOW WILDCAT CANYON, NR WINSLOW, AZ",15020010,34.6364196,-110.7142957,46,"1948, 1949, 1950, 1951, 1952, 1953, 1954, 1955, 1956, 1957, 1958, 1959, 1960, 1961, 1962, 1963, 1964, 1965, 1966, 1967, 1968, 1969, 1997, 1998, 1999, 2000, 2001, 2003, 2004, 2005, 2007, 2008, 2009, 2010, 2011, 2012, 2013, 2014, 2015, 2016, 2017, 2019, 2020, 2021, 2022, 2023"
"09398000","CHEVELON CREEK NEAR WINSLOW, AZ",15020010,34.92438889,-110.5289306,48,"1906, 1917, 1918, 1919, 1930, 1931, 1932, 1933, 1936, 1937, 1938, 1939, 1940, 1941, 1942, 1943, 1944, 1945, 1946, 1947, 1948, 1949, 1950, 1951, 1952, 1953, 1954, 1955, 1956, 1957, 1958, 1959, 1960, 1961, 1962, 1963, 1964, 1965, 1966, 1967, 1968, 1969, 1970, 1971, 2006, 2021, 2022, 2023"
"09398500","CLEAR CREEK BELOW WILLOW CREEK, N WINSLOW, AZ.",15020008,34.66752554,-111.0076349,44,"1948, 1949, 1950, 1951, 1952, 1953, 1954, 1955, 1956, 1957, 1958, 1959, 1960, 1961, 1962, 1963, 1964, 1965, 1966, 1967, 1968, 1969, 1970, 1971, 1972, 1973, 1974, 1975, 1976, 1977, 1978, 1979, 1980, 1981, 1982, 1983, 1984, 1985, 1986, 1987, 1988, 1989, 1990, 1991"
"09399000","CLEAR CREEK NEAR WINSLOW, AZ",15020008,34.96946689,-110.6451326,51,"1930, 1931, 1932, 1933, 1936, 1937, 1938, 1939, 1940, 1941, 1942, 1943, 1944, 1945, 1946, 1947, 1948, 1949, 1950, 1951, 1952, 1953, 1954, 1955, 1956, 1957, 1958, 1959, 1960, 1961, 1962, 1963, 1964, 1965, 1966, 1967, 1968, 1969, 1970, 1971, 1972, 1973, 1974, 1975, 1976, 1977, 1978, 1979, 1980, 1981, 1982"
"09399400","JACKS CANYON CREEK NEAR WINSLOW, AZ",15020008,34.92141094,-110.7976357,19,"1970, 1971, 2007, 2008, 2009, 2010, 2011, 2012, 2013, 2014, 2015, 2016, 2017, 2018, 2019, 2020, 2021, 2022, 2023"
"09400350","LITTLE COLORADO RIVER NEAR WINSLOW, AZ",15020008,35.011688,-110.6512444,21,"2002, 2003, 2004, 2005, 2006, 2007, 2008, 2009, 2010, 2011, 2012, 2013, 2014, 2015, 2016, 2017, 2018, 2019, 2020, 2022, 2023"
"09400562","ORAIBI WASH NEAR TOLANI LAKE, AZ",15020012,35.57972897,-110.774027,18,"1996, 1997, 1998, 1999, 2000, 2001, 2002, 2003, 2004, 2005, 2006, 2007, 2008, 2009, 2010, 2011, 2012, 2013"
"09400568","POLACCA WASH NEAR SECOND MESA, AZ",15020013,35.65480556,-110.563,25,"1995, 1996, 1997, 1998, 1999, 2000, 2001, 2002, 2003, 2004, 2005, 2006, 2007, 2008, 2009, 2010, 2011, 2012, 2013, 2014, 2015, 2016, 2017, 2018, 2019"
"09400583","JEDDITO WASH NEAR JEDDITO, AZ",15020014,35.5775087,-110.4623546,11,"1994, 1995, 1996, 1997, 1998, 1999, 2000, 2001, 2002, 2003, 2004"
"09401000","LITTLE COLO. RIVER AT GRAND FALLS, ARIZ.",15020016,35.4333386,-111.200701,35,"1926, 1927, 1928, 1929, 1930, 1931, 1932, 1933, 1934, 1935, 1936, 1937, 1938, 1939, 1940, 1941, 1942, 1943, 1944, 1945, 1946, 1947, 1948, 1949, 1954, 1955, 1956, 1957, 1958, 1959, 1990, 1991, 1992, 1993, 1994"
"09401110","DINNEBITO WASH NEAR SAND SPRINGS, AZ",15020017,35.78069444,-110.9304167,26,"1994, 1995, 1996, 1997, 1998, 1999, 2000, 2001, 2002, 2003, 2004, 2005, 2006, 2007, 2008, 2009, 2010, 2011, 2012, 2013, 2014, 2015, 2016, 2017, 2018, 2019"
"09401260","MOENKOPI WASH AT MOENKOPI, AZ",15020018,36.10499334,-111.2018069,47,"1977, 1978, 1979, 1980, 1981, 1982, 1983, 1984, 1985, 1986, 1987, 1988, 1989, 1990, 1991, 1992, 1993, 1994, 1995, 1996, 1997, 1998, 1999, 2000, 2001, 2002, 2003, 2004, 2005, 2006, 2007, 2008, 2009, 2010, 2011, 2012, 2013, 2014, 2015, 2016, 2017, 2018, 2019, 2020, 2021, 2022, 2023"
"09401265","PASTURE CANYON SPRINGS NEAR TUBA CITY, AZ",15020018,36.1715833,-111.2014444,19,"2005, 2006, 2007, 2008, 2009, 2010, 2011, 2012, 2013, 2014, 2015, 2016, 2017, 2018, 2019, 2020, 2021, 2022, 2023"
"09401280","MOENKOPI WASH NEAR TUBA ARIZ",15020018,36.10499334,-111.2018069,13,"1927, 1928, 1929, 1930, 1931, 1932, 1933, 1934, 1935, 1936, 1937, 1938, 1939"
"09401400","MOENKOPI WASH NR TUBA CITY, ARIZ.",15020018,36.02360368,-111.3973633,25,"1941, 1942, 1943, 1944, 1945, 1946, 1947, 1948, 1949, 1950, 1951, 1952, 1953, 1966, 1967, 1968, 1969, 1970, 1971, 1972, 1973, 1974, 1975, 1976, 1977"
"09401500","MOENKOPI WASH NEAR CAMERON, ARIZ.",15020018,35.92499419,-111.4215312,11,"1954, 1955, 1956, 1957, 1958, 1959, 1960, 1961, 1962, 1963, 1964"
"09402000","LITTLE COLORADO RIVER NEAR CAMERON, AZ",15020016,35.9263819,-111.5673682,76,"1948, 1949, 1950, 1951, 1952, 1953, 1954, 1955, 1956, 1957, 1958, 1959, 1960, 1961, 1962, 1963, 1964, 1965, 1966, 1967, 1968, 1969, 1970, 1971, 1972, 1973, 1974, 1975, 1976, 1977, 1978, 1979, 1980, 1981, 1982, 1983, 1984, 1985, 1986, 1987, 1988, 1989, 1990, 1991, 1992, 1993, 1994, 1995, 1996, 1997, 1998, 1999, 2000, 2001, 2002, 2003, 2004, 2005, 2006, 2007, 2008, 2009, 2010, 2011, 2012, 2013, 2014, 2015, 2016, 2017, 2018, 2019, 2020, 2021, 2022, 2023"
"09402300","LITTLE COLORADO RIVER ABV MOUTH NR DESERT VIEW, AZ",15020016,36.1952642,-111.7771024,20,"2004, 2005, 2006, 2007, 2008, 2009, 2010, 2011, 2012, 2013, 2014, 2015, 2016, 2017, 2018, 2019, 2020, 2021, 2022, 2023"
"09403000","BRIGHT ANGEL CREEK NEAR GRAND CANYON, ARIZ.",15010001,36.10303836,-112.0962798,51,"1924, 1925, 1926, 1927, 1928, 1929, 1930, 1931, 1932, 1933, 1934, 1935, 1936, 1937, 1938, 1939, 1940, 1941, 1942, 1943, 1944, 1945, 1946, 1947, 1948, 1949, 1950, 1951, 1952, 1953, 1954, 1955, 1956, 1957, 1958, 1959, 1960, 1961, 1962, 1963, 1964, 1965, 1966, 1967, 1968, 1969, 1970, 1971, 1972, 1973, 1991"
"09403013","PUMP HOUSE WASH SPRING NEAR GRAND CANYON, AZ",15010002,36.0785939,-112.1260026,11,"1996, 1997, 1998, 1999, 2000, 2001, 2017, 2018, 2019, 2020, 2021"
"09403780","KANAB CREEK NR FREDONIA, ARIZ.",15010003,36.86387568,-112.5799203,16,"1964, 1965, 1966, 1967, 1968, 1969, 1970, 1971, 1972, 1973, 1974, 1975, 1976, 1977, 1978, 1979"
"09403850","KANAB CREEK ABOVE THE MOUTH NEAR SUPAI, AZ",15010003,36.39581624,-112.6318566,15,"1991, 1992, 2011, 2012, 2013, 2014, 2015, 2016, 2017, 2018, 2019, 2020, 2021, 2022, 2023"
"09404104","CATARACT CREEK AT REDLANDS CROSSING NEAR VALLE, AZ",15010004,35.80444444,-112.4263889,10,"2010, 2012, 2013, 2014, 2015, 2018, 2019, 2021, 2022, 2023"
"09404110","HAVASU CREEK AT SUPAI, AZ",15010004,36.21946667,-112.6901,26,"1996, 1997, 1998, 1999, 2000, 2001, 2002, 2003, 2004, 2005, 2006, 2007, 2008, 2009, 2010, 2011, 2012, 2013, 2014, 2015, 2016, 2017, 2018, 2019, 2020, 2021"
"09404115","HAVASU CREEK ABOVE THE MOUTH, NEAR SUPAI, AZ",15010004,36.30581618,-112.761305,21,"1996, 2001, 2002, 2003, 2004, 2005, 2006, 2007, 2008, 2012, 2013, 2014, 2015, 2016, 2017, 2018, 2019, 2020, 2021, 2022, 2023"
"09404200","COLORADO RVR ABV DIAMOND CREEK NR PEACH SPRINGS AZ",15010002,35.7735994,-113.363544,34,"1990, 1991, 1992, 1993, 1994, 1995, 1996, 1997, 1998, 1999, 2000, 2001, 2002, 2003, 2004, 2005, 2006, 2007, 2008, 2009, 2010, 2011, 2012, 2013, 2014, 2015, 2016, 2017, 2018, 2019, 2020, 2021, 2022, 2023"
"09404208","DIAMOND CREEK NEAR PEACH SPRINGS, AZ",15010002,35.76498839,-113.3682663,30,"1994, 1995, 1996, 1997, 1998, 1999, 2000, 2001, 2002, 2003, 2004, 2005, 2006, 2007, 2008, 2009, 2010, 2011, 2012, 2013, 2014, 2015, 2016, 2017, 2018, 2019, 2020, 2021, 2022, 2023"
"09404222","SPENCER CREEK NEAR PEACH SPRINGS, AZ",15010005,35.7999,-113.65535,25,"1999, 2000, 2001, 2002, 2003, 2004, 2005, 2006, 2007, 2008, 2009, 2010, 2011, 2012, 2013, 2014, 2015, 2016, 2017, 2018, 2019, 2020, 2021, 2022, 2023"
"09404343","TRUXTON WASH NEAR VALENTINE, AZ",15010007,35.38416188,-113.6577185,30,"1994, 1995, 1996, 1997, 1998, 1999, 2000, 2001, 2002, 2003, 2004, 2005, 2006, 2007, 2008, 2009, 2010, 2011, 2012, 2013, 2014, 2015, 2016, 2017, 2018, 2019, 2020, 2021, 2022, 2023"
"09413700","VIRGIN RV ABV THE NARROWS NR LITTLEFIELD, AZ",15010010,36.92138889,-113.8313889,25,"1999, 2000, 2001, 2002, 2003, 2004, 2005, 2006, 2007, 2008, 2009, 2010, 2011, 2012, 2013, 2014, 2015, 2016, 2017, 2018, 2019, 2020, 2021, 2022, 2023"
"09414900","BEAVER DAM WASH AT BEAVER DAM, AZ",15010010,36.90192134,-113.9335767,20,"1996, 1997, 1998, 1999, 2000, 2001, 2002, 2003, 2004, 2006, 2007, 2008, 2009, 2010, 2011, 2012, 2013, 2014, 2015, 2016"
"09415000","VIRGIN RV AT LITTLEFIELD, AZ",15010010,36.8916437,-113.9244098,94,"1930, 1931, 1932, 1933, 1934, 1935, 1936, 1937, 1938, 1939, 1940, 1941, 1942, 1943, 1944, 1945, 1946, 1947, 1948, 1949, 1950, 1951, 1952, 1953, 1954, 1955, 1956, 1957, 1958, 1959, 1960, 1961, 1962, 1963, 1964, 1965, 1966, 1967, 1968, 1969, 1970, 1971, 1972, 1973, 1974, 1975, 1976, 1977, 1978, 1979, 1980, 1981, 1982, 1983, 1984, 1985, 1986, 1987, 1988, 1989, 1990, 1991, 1992, 1993, 1994, 1995, 1996, 1997, 1998, 1999, 2000, 2001, 2002, 2003, 2004, 2005, 2006, 2007, 2008, 2009, 2010, 2011, 2012, 2013, 2014, 2015, 2016, 2017, 2018, 2019, 2020, 2021, 2022, 2023"
"09415060","MESQUITE CANAL NR MESQUITE, NV",15010010,36.80988889,-114.01475,17,"1952, 1953, 1954, 2010, 2011, 2012, 2013, 2014, 2015, 2016, 2017, 2018, 2019, 2020, 2021, 2022, 2023"
"09424200","COTTONWOOD WASH NO. 1 NEAR KINGMAN, AZ.",15030201,35.18111629,-113.4696561,13,"1965, 1966, 1967, 1968, 1969, 1970, 1971, 1972, 1973, 1974, 1975, 1976, 1977"
"09424447","BURRO CREEK AT OLD US 93 BRIDGE, NEAR BAGDAD, AZ",15030202,34.5416838,-113.4452053,25,"1981, 1982, 1983, 1984, 1985, 1986, 1987, 1988, 2005, 2006, 2009, 2010, 2011, 2012, 2013, 2014, 2015, 2016, 2017, 2018, 2019, 2020, 2021, 2022, 2023"
"09424450","BIG SANDY RIVER NEAR WIKIEUP, AZ",15030201,34.46251664,-113.6243774,57,"1967, 1968, 1969, 1970, 1971, 1972, 1973, 1974, 1975, 1976, 1977, 1978, 1979, 1980, 1981, 1982, 1983, 1984, 1985, 1986, 1987, 1988, 1989, 1990, 1991, 1992, 1993, 1994, 1995, 1996, 1997, 1998, 1999, 2000, 2001, 2002, 2003, 2004, 2005, 2006, 2007, 2008, 2009, 2010, 2011, 2012, 2013, 2014, 2015, 2016, 2017, 2018, 2019, 2020, 2021, 2022, 2023"
"09424900","SANTA MARIA RIVER NEAR BAGDAD, AZ",15030203,34.305854,-113.3471441,52,"1967, 1968, 1969, 1970, 1971, 1972, 1973, 1974, 1975, 1976, 1977, 1978, 1979, 1980, 1981, 1982, 1983, 1984, 1989, 1990, 1991, 1992, 1993, 1994, 1995, 1996, 1997, 1998, 1999, 2000, 2001, 2003, 2004, 2005, 2006, 2007, 2008, 2009, 2010, 2011, 2012, 2013, 2014, 2015, 2016, 2017, 2018, 2019, 2020, 2021, 2022, 2023"
"09425500","SANTA MARIA RIVER NEAR ALAMO, AZ",15030204,34.30001995,-113.5174279,26,"1940, 1941, 1942, 1943, 1944, 1945, 1946, 1947, 1948, 1949, 1950, 1951, 1952, 1953, 1954, 1955, 1956, 1957, 1958, 1959, 1960, 1961, 1962, 1963, 1964, 1965"
"09426500","BILL WILLIAMS RIVER AT PLANET, AZ",15030204,34.26668248,-113.9841085,17,"1929, 1930, 1931, 1932, 1933, 1934, 1935, 1936, 1937, 1938, 1939, 1940, 1941, 1942, 1943, 1944, 1945"
"09426620","BILL WILLIAMS RIVER NEAR PARKER, AZ",15030204,34.2612361,-114.0289806,33,"1989, 1990, 1991, 1992, 1993, 1994, 1995, 1996, 1997, 1998, 1999, 2000, 2001, 2002, 2003, 2004, 2005, 2006, 2007, 2008, 2009, 2010, 2011, 2012, 2013, 2014, 2015, 2018, 2019, 2020, 2021, 2022, 2023"
"09439000","GILA RIVER AT DUNCAN, AZ",15040002,32.72444444,-109.0991667,18,"2004, 2005, 2006, 2009, 2010, 2011, 2012, 2013, 2014, 2015, 2016, 2017, 2018, 2019, 2020, 2021, 2022, 2023"
"09442000","GILA RIVER NEAR CLIFTON, AZ",15040002,32.96527778,-109.3086111,90,"1911, 1912, 1913, 1914, 1915, 1916, 1917, 1929, 1930, 1931, 1932, 1936, 1937, 1938, 1939, 1940, 1941, 1942, 1943, 1944, 1945, 1946, 1949, 1950, 1951, 1952, 1953, 1954, 1955, 1956, 1957, 1958, 1959, 1960, 1961, 1962, 1963, 1964, 1965, 1966, 1967, 1968, 1969, 1970, 1971, 1972, 1973, 1974, 1975, 1976, 1977, 1978, 1979, 1980, 1981, 1982, 1983, 1984, 1985, 1986, 1987, 1988, 1996, 1997, 1998, 1999, 2000, 2001, 2002, 2003, 2004, 2005, 2006, 2007, 2008, 2009, 2010, 2011, 2012, 2013, 2014, 2015, 2016, 2017, 2018, 2019, 2020, 2021, 2022, 2023"
"09444200","BLUE RIVER NEAR CLIFTON, AZ.",15040004,33.29089456,-109.1961832,37,"1968, 1969, 1970, 1971, 1972, 1973, 1974, 1975, 1976, 1977, 1978, 1979, 1999, 2000, 2001, 2002, 2003, 2004, 2005, 2006, 2007, 2008, 2009, 2010, 2011, 2012, 2013, 2014, 2015, 2016, 2017, 2018, 2019, 2020, 2021, 2022, 2023"
"09444500","SAN FRANCISCO RIVER AT CLIFTON, AZ",15040004,33.05604444,-109.2990167,97,"1914, 1915, 1916, 1917, 1928, 1929, 1930, 1931, 1932, 1936, 1937, 1938, 1939, 1940, 1941, 1942, 1943, 1944, 1945, 1946, 1947, 1948, 1949, 1950, 1951, 1952, 1953, 1954, 1955, 1956, 1957, 1958, 1959, 1960, 1961, 1962, 1963, 1964, 1965, 1966, 1967, 1968, 1969, 1970, 1971, 1972, 1973, 1974, 1975, 1976, 1977, 1978, 1979, 1980, 1981, 1982, 1983, 1984, 1985, 1986, 1987, 1988, 1989, 1990, 1991, 1992, 1993, 1994, 1995, 1996, 1997, 1998, 1999, 2000, 2001, 2002, 2003, 2004, 2005, 2006, 2007, 2008, 2009, 2010, 2011, 2012, 2013, 2014, 2015, 2016, 2017, 2018, 2019, 2020, 2021, 2022, 2023"
"09445500","WILLOW C NR POINT OF PINES NR MORENCI, ARIZ.",15040005,33.3792231,-109.6506401,22,"1945, 1946, 1947, 1948, 1949, 1950, 1951, 1952, 1953, 1954, 1955, 1956, 1957, 1958, 1959, 1960, 1961, 1962, 1963, 1964, 1965, 1966"
"09446000","WILLOW C N DOUBLE CIRCLE RNCH N MORENCI ARIZ.",15040005,33.35422488,-109.5256375,22,"1945, 1946, 1947, 1948, 1949, 1950, 1951, 1952, 1953, 1954, 1955, 1956, 1957, 1958, 1959, 1960, 1961, 1962, 1963, 1964, 1965, 1966"
"09447000","EAGLE CREEK ABOVE PUMPING PLANT, NEAR MORENCI, AZ.",15040005,33.0645062,-109.4422978,79,"1945, 1946, 1947, 1948, 1949, 1950, 1951, 1952, 1953, 1954, 1955, 1956, 1957, 1958, 1959, 1960, 1961, 1962, 1963, 1964, 1965, 1966, 1967, 1968, 1969, 1970, 1971, 1972, 1973, 1974, 1975, 1976, 1977, 1978, 1979, 1980, 1981, 1982, 1983, 1984, 1985, 1986, 1987, 1988, 1989, 1990, 1991, 1992, 1993, 1994, 1995, 1996, 1997, 1998, 1999, 2000, 2001, 2002, 2003, 2004, 2005, 2006, 2007, 2008, 2009, 2010, 2011, 2012, 2013, 2014, 2015, 2016, 2017, 2018, 2019, 2020, 2021, 2022, 2023"
"09447800","BONITA CREEK NEAR MORENCI, AZ.",15040005,32.95561778,-109.5311876,42,"1982, 1983, 1984, 1985, 1986, 1987, 1988, 1989, 1990, 1991, 1992, 1993, 1994, 1995, 1996, 1997, 1998, 1999, 2000, 2001, 2002, 2003, 2004, 2005, 2006, 2007, 2008, 2009, 2010, 2011, 2012, 2013, 2014, 2015, 2016, 2017, 2018, 2019, 2020, 2021, 2022, 2023"
"09448500","GILA RIVER AT HEAD OF SAFFORD VALLEY, NR SOLOMON,",15040005,32.8827222,-109.4796056,100,"1921, 1922, 1923, 1924, 1925, 1926, 1927, 1928, 1929, 1930, 1931, 1932, 1936, 1937, 1938, 1939, 1940, 1941, 1942, 1943, 1944, 1945, 1946, 1947, 1948, 1949, 1950, 1951, 1952, 1953, 1954, 1955, 1956, 1957, 1958, 1959, 1960, 1961, 1962, 1963, 1964, 1965, 1966, 1967, 1968, 1969, 1970, 1971, 1972, 1973, 1974, 1975, 1976, 1977, 1978, 1979, 1980, 1981, 1982, 1983, 1984, 1985, 1986, 1987, 1988, 1989, 1990, 1991, 1992, 1993, 1994, 1995, 1996, 1997, 1998, 1999, 2000, 2001, 2002, 2003, 2004, 2005, 2006, 2007, 2008, 2009, 2010, 2011, 2012, 2013, 2014, 2015, 2016, 2017, 2018, 2019, 2020, 2021, 2022, 2023"
"09451000","GILA R NR SOLOMON ARIZ",15040005,32.86673068,-109.5172974,27,"1915, 1916, 1917, 1918, 1919, 1920, 1921, 1922, 1923, 1924, 1925, 1926, 1927, 1928, 1929, 1930, 1931, 1941, 1942, 1943, 1944, 1945, 1946, 1947, 1948, 1949, 1950"
"09456000","SAN SIMON RIVER NEAR SAN SIMON ARIZ.",15040006,32.22508025,-109.1756147,11,"1920, 1921, 1922, 1923, 1924, 1932, 1936, 1937, 1938, 1939, 1940"
"09457000","SAN SIMON RIVER NEAR SOLOMON, ARIZ.",15040006,32.8017327,-109.6392446,48,"1936, 1937, 1938, 1939, 1940, 1941, 1942, 1943, 1944, 1945, 1946, 1947, 1948, 1949, 1950, 1951, 1952, 1953, 1954, 1955, 1956, 1957, 1958, 1959, 1960, 1961, 1962, 1963, 1964, 1965, 1966, 1967, 1968, 1969, 1970, 1971, 1972, 1973, 1974, 1975, 1976, 1977, 1978, 1979, 1980, 1981, 2022, 2023"
"09458200","DEADMAN CREEK NEAR SAFFORD, ARIZ.",15040005,32.73312363,-109.8164694,14,"1967, 1968, 1969, 1970, 1971, 1972, 1973, 1974, 1975, 1987, 1989, 1990, 1991, 1992"
"09458500","GILA RIVER AT SAFFORD, ARIZ.",15040005,32.8472877,-109.7159136,14,"1941, 1942, 1943, 1944, 1945, 1946, 1957, 1958, 1959, 1960, 1961, 1962, 1963, 1964"
"09460150","FRYE CREEK NEAR THATCHER, AZ",15040005,32.74395706,-109.8381364,20,"1990, 1991, 1995, 1996, 1997, 1998, 1999, 2000, 2001, 2002, 2003, 2004, 2007, 2008, 2009, 2010, 2011, 2012, 2013, 2014"
"09460200","FRYE CREEK AT THATCHER, ARIZ.",15040005,32.8333993,-109.7614701,10,"1964, 1965, 1966, 1967, 1968, 1969, 1970, 1971, 1972, 1973"
"09466500","GILA RIVER AT CALVA, AZ.",15040005,33.18561278,-110.2200903,94,"1930, 1931, 1932, 1933, 1934, 1935, 1936, 1937, 1938, 1939, 1940, 1941, 1942, 1943, 1944, 1945, 1946, 1947, 1948, 1949, 1950, 1951, 1952, 1953, 1954, 1955, 1956, 1957, 1958, 1959, 1960, 1961, 1962, 1963, 1964, 1965, 1966, 1967, 1968, 1969, 1970, 1971, 1972, 1973, 1974, 1975, 1976, 1977, 1978, 1979, 1980, 1981, 1982, 1983, 1984, 1985, 1986, 1987, 1988, 1989, 1990, 1991, 1992, 1993, 1994, 1995, 1996, 1997, 1998, 1999, 2000, 2001, 2002, 2003, 2004, 2005, 2006, 2007, 2008, 2009, 2010, 2011, 2012, 2013, 2014, 2015, 2016, 2017, 2018, 2019, 2020, 2021, 2022, 2023"
"09468500","SAN CARLOS RIVER NEAR PERIDOT, AZ.",15040007,33.29644678,-110.4514876,94,"1930, 1931, 1932, 1933, 1934, 1935, 1936, 1937, 1938, 1939, 1940, 1941, 1942, 1943, 1944, 1945, 1946, 1947, 1948, 1949, 1950, 1951, 1952, 1953, 1954, 1955, 1956, 1957, 1958, 1959, 1960, 1961, 1962, 1963, 1964, 1965, 1966, 1967, 1968, 1969, 1970, 1971, 1972, 1973, 1974, 1975, 1976, 1977, 1978, 1979, 1980, 1981, 1982, 1983, 1984, 1985, 1986, 1987, 1988, 1989, 1990, 1991, 1992, 1993, 1994, 1995, 1996, 1997, 1998, 1999, 2000, 2001, 2002, 2003, 2004, 2005, 2006, 2007, 2008, 2009, 2010, 2011, 2012, 2013, 2014, 2015, 2016, 2017, 2018, 2019, 2020, 2021, 2022, 2023"
"09470000","GILA RIVER AT WINKELMAN, ARIZ.",15050100,33.0017324,-110.7659386,47,"1942, 1943, 1944, 1945, 1946, 1947, 1948, 1949, 1950, 1951, 1952, 1953, 1954, 1955, 1956, 1957, 1958, 1959, 1960, 1961, 1962, 1963, 1964, 1965, 1966, 1967, 1968, 1969, 1970, 1971, 1972, 1973, 1974, 1975, 1976, 1977, 1978, 1979, 1985, 1986, 1987, 1988, 1989, 1990, 1991, 1992, 1993"
"09470500","SAN PEDRO RIVER AT PALOMINAS, AZ.",15050202,31.38010095,-110.1111882,65,"1931, 1932, 1936, 1937, 1938, 1939, 1940, 1951, 1952, 1953, 1954, 1955, 1956, 1957, 1958, 1959, 1960, 1961, 1962, 1963, 1964, 1965, 1966, 1967, 1968, 1969, 1970, 1971, 1972, 1973, 1974, 1975, 1976, 1977, 1978, 1979, 1980, 1996, 1997, 1998, 1999, 2000, 2001, 2002, 2003, 2004, 2005, 2006, 2007, 2008, 2009, 2010, 2011, 2012, 2013, 2014, 2015, 2016, 2017, 2018, 2019, 2020, 2021, 2022, 2023"
"09470700","BANNING CREEK NEAR BISBEE, AZ",15050202,31.5034722,-110.0052778,19,"2002, 2004, 2005, 2006, 2007, 2008, 2010, 2011, 2013, 2014, 2015, 2016, 2017, 2018, 2019, 2020, 2021, 2022, 2023"
"09470750","RAMSEY CANYON NEAR SIERRA VISTA, AZ",15050202,31.44666667,-110.3058333,23,"2001, 2002, 2003, 2004, 2005, 2006, 2007, 2008, 2009, 2010, 2011, 2012, 2013, 2014, 2015, 2016, 2017, 2018, 2019, 2020, 2021, 2022, 2023"
"09470800","GARDEN CANYON NEAR FORT HUACHUCA, AZ",15050202,31.47287518,-110.3478588,35,"1960, 1961, 1962, 1963, 1964, 1994, 1995, 1996, 1997, 1998, 1999, 2000, 2001, 2002, 2003, 2004, 2005, 2006, 2007, 2008, 2009, 2010, 2011, 2012, 2013, 2014, 2015, 2016, 2017, 2018, 2019, 2020, 2021, 2022, 2023"
"09471000","SAN PEDRO RIVER AT CHARLESTON, AZ",15050202,31.62594167,-110.1751028,105,"1913, 1914, 1915, 1916, 1917, 1918, 1919, 1920, 1921, 1922, 1923, 1924, 1925, 1929, 1930, 1931, 1932, 1936, 1937, 1938, 1939, 1940, 1941, 1942, 1943, 1944, 1945, 1946, 1947, 1948, 1949, 1950, 1951, 1952, 1953, 1954, 1955, 1956, 1957, 1958, 1959, 1960, 1961, 1962, 1963, 1964, 1965, 1966, 1967, 1968, 1969, 1970, 1971, 1972, 1973, 1974, 1975, 1976, 1977, 1978, 1979, 1980, 1981, 1982, 1983, 1984, 1985, 1986, 1987, 1988, 1989, 1990, 1991, 1992, 1993, 1994, 1995, 1996, 1997, 1998, 1999, 2000, 2001, 2002, 2003, 2004, 2005, 2006, 2007, 2008, 2009, 2010, 2011, 2012, 2013, 2014, 2015, 2016, 2017, 2018, 2019, 2020, 2021, 2022, 2023"
"09471310","HUACHUCA CANYON NEAR FORT HUACHUCA, AZ",15050202,31.51805556,-110.3872222,23,"2001, 2002, 2003, 2004, 2005, 2006, 2007, 2008, 2009, 2010, 2011, 2012, 2013, 2014, 2015, 2016, 2017, 2018, 2019, 2020, 2021, 2022, 2023"
"09471380","UPPER BABOCOMARI RIVER NEAR HUACHUCA CITY, AZ",15050202,31.63201389,-110.4020472,23,"2001, 2002, 2003, 2004, 2005, 2006, 2007, 2008, 2009, 2010, 2011, 2012, 2013, 2014, 2015, 2016, 2017, 2018, 2019, 2020, 2021, 2022, 2023"
"09471400","BABOCOMARI RIVER NEAR TOMBSTONE, AZ",15050202,31.70051389,-110.2275778,23,"2001, 2002, 2003, 2004, 2005, 2006, 2007, 2008, 2009, 2010, 2011, 2012, 2013, 2014, 2015, 2016, 2017, 2018, 2019, 2020, 2021, 2022, 2023"
"09471550","SAN PEDRO RIVER NEAR TOMBSTONE, AZ",15050202,31.75144444,-110.2013333,44,"1968, 1969, 1970, 1971, 1972, 1973, 1974, 1975, 1976, 1977, 1978, 1979, 1980, 1981, 1982, 1983, 1984, 1997, 1998, 1999, 2000, 2001, 2002, 2003, 2004, 2005, 2006, 2007, 2008, 2009, 2010, 2011, 2012, 2013, 2014, 2015, 2016, 2017, 2018, 2019, 2020, 2021, 2022, 2023"
"09472000","SAN PEDRO RIVER NR REDINGTON, ARIZ",15050203,32.380628,-110.446471,47,"1944, 1945, 1946, 1951, 1952, 1953, 1954, 1955, 1956, 1957, 1958, 1959, 1960, 1961, 1962, 1963, 1964, 1965, 1966, 1967, 1968, 1969, 1970, 1971, 1972, 1973, 1974, 1975, 1976, 1977, 1978, 1979, 1980, 1981, 1982, 1983, 1984, 1985, 1986, 1987, 1988, 1989, 1990, 1991, 1992, 1993, 1994"
"09473000","ARAVAIPA CREEK NEAR MAMMOTH, AZ.",15050203,32.84423324,-110.6301,64,"1932, 1933, 1934, 1935, 1936, 1937, 1938, 1939, 1940, 1942, 1967, 1968, 1969, 1970, 1971, 1972, 1973, 1974, 1975, 1976, 1977, 1978, 1979, 1980, 1981, 1982, 1983, 1984, 1985, 1986, 1987, 1988, 1989, 1990, 1991, 1992, 1993, 1994, 1995, 1996, 1997, 1998, 1999, 2000, 2001, 2002, 2006, 2007, 2008, 2009, 2010, 2011, 2012, 2013, 2014, 2015, 2016, 2017, 2018, 2019, 2020, 2021, 2022, 2023"
"09473500","SAN PEDRO R AT WINKELMAN, ARIZ.",15050203,32.97728817,-110.770383,13,"1966, 1967, 1968, 1969, 1970, 1971, 1972, 1973, 1974, 1975, 1976, 1977, 1978"
"09474000","GILA RIVER AT KELVIN, AZ.",15050100,33.1028404,-110.9765014,112,"1912, 1913, 1914, 1915, 1916, 1917, 1918, 1919, 1920, 1921, 1922, 1923, 1924, 1925, 1926, 1927, 1928, 1929, 1930, 1931, 1932, 1933, 1934, 1935, 1936, 1937, 1938, 1939, 1940, 1941, 1942, 1943, 1944, 1945, 1946, 1947, 1948, 1949, 1950, 1951, 1952, 1953, 1954, 1955, 1956, 1957, 1958, 1959, 1960, 1961, 1962, 1963, 1964, 1965, 1966, 1967, 1968, 1969, 1970, 1971, 1972, 1973, 1974, 1975, 1976, 1977, 1978, 1979, 1980, 1981, 1982, 1983, 1984, 1985, 1986, 1987, 1988, 1989, 1990, 1991, 1992, 1993, 1994, 1995, 1996, 1997, 1998, 1999, 2000, 2001, 2002, 2003, 2004, 2005, 2006, 2007, 2008, 2009, 2010, 2011, 2012, 2013, 2014, 2015, 2016, 2017, 2018, 2019, 2020, 2021, 2022, 2023"
"09479350","GILA RIVER NEAR MARICOPA, AZ.",15050100,33.168661,-112.0073648,12,"1996, 1997, 2000, 2004, 2005, 2006, 2010, 2012, 2014, 2018, 2019, 2022"
"09479500","GILA RIVER NEAR LAVEEN, ARIZ.",15050100,33.2569917,-112.1670934,51,"1940, 1941, 1942, 1943, 1944, 1945, 1948, 1949, 1950, 1951, 1952, 1953, 1954, 1955, 1956, 1957, 1958, 1959, 1960, 1961, 1962, 1963, 1964, 1965, 1966, 1967, 1968, 1970, 1971, 1972, 1973, 1974, 1975, 1976, 1977, 1978, 1979, 1980, 1981, 1982, 1983, 1984, 1985, 1986, 1987, 1988, 1989, 1990, 1991, 1992, 1993"
"09480000","SANTA CRUZ RIVER NEAR LOCHIEL, AZ",15050301,31.35537817,-110.5895264,69,"1949, 1950, 1951, 1952, 1953, 1954, 1955, 1956, 1957, 1958, 1959, 1960, 1961, 1962, 1963, 1964, 1965, 1966, 1967, 1968, 1969, 1970, 1971, 1972, 1973, 1974, 1975, 1976, 1977, 1978, 1979, 1980, 1981, 1982, 1983, 1984, 1985, 1986, 1987, 1988, 1989, 1990, 1991, 1992, 1993, 1994, 1995, 1996, 1997, 1998, 1999, 2000, 2001, 2002, 2003, 2004, 2005, 2006, 2007, 2008, 2009, 2010, 2011, 2012, 2013, 2020, 2021, 2022, 2023"
"09480500","SANTA CRUZ RIVER NEAR NOGALES, AZ.",15050301,31.3445443,-110.851474,96,"1913, 1914, 1917, 1918, 1919, 1931, 1932, 1933, 1936, 1937, 1938, 1939, 1940, 1941, 1942, 1943, 1944, 1945, 1946, 1947, 1948, 1949, 1950, 1951, 1952, 1953, 1954, 1955, 1956, 1957, 1958, 1959, 1960, 1961, 1962, 1963, 1964, 1965, 1966, 1967, 1968, 1969, 1970, 1971, 1972, 1973, 1974, 1975, 1976, 1977, 1978, 1979, 1980, 1981, 1982, 1983, 1984, 1985, 1986, 1987, 1988, 1989, 1990, 1991, 1992, 1993, 1994, 1995, 1996, 1997, 1998, 1999, 2000, 2001, 2002, 2003, 2004, 2005, 2006, 2007, 2008, 2009, 2010, 2011, 2012, 2013, 2014, 2015, 2016, 2017, 2018, 2019, 2020, 2021, 2022, 2023"
"09481000","NOGALES WASH AT NOGALES, AZ",15050301,31.3432722,-110.9316722,14,"1933, 2011, 2012, 2013, 2014, 2015, 2016, 2017, 2018, 2019, 2020, 2021, 2022, 2023"
"09481500","SONOITA CREEK NEAR PATAGONIA, ARIZ.",15050301,31.49981633,-110.8181418,39,"1931, 1932, 1933, 1936, 1937, 1938, 1939, 1940, 1941, 1942, 1943, 1944, 1945, 1946, 1947, 1948, 1949, 1950, 1951, 1952, 1953, 1954, 1955, 1956, 1957, 1958, 1959, 1960, 1961, 1962, 1963, 1964, 1965, 1966, 1967, 1968, 1969, 1970, 1971"
"09481740","SANTA CRUZ RIVER AT TUBAC, AZ.",15050301,31.61286778,-111.0414792,28,"1996, 1997, 1998, 1999, 2000, 2001, 2002, 2003, 2004, 2005, 2006, 2007, 2008, 2009, 2010, 2011, 2012, 2013, 2014, 2015, 2016, 2017, 2018, 2019, 2020, 2021, 2022, 2023"
"09482000","SANTA CRUZ RIVER AT CONTINENTAL, AZ",15050301,31.8714728,-110.9800905,69,"1941, 1942, 1943, 1944, 1945, 1952, 1953, 1954, 1955, 1956, 1957, 1958, 1959, 1960, 1961, 1962, 1963, 1964, 1965, 1966, 1967, 1968, 1969, 1970, 1971, 1972, 1973, 1974, 1975, 1976, 1977, 1978, 1979, 1980, 1981, 1982, 1983, 1992, 1993, 1994, 1995, 1996, 1997, 1998, 1999, 2000, 2001, 2002, 2003, 2004, 2005, 2006, 2007, 2008, 2009, 2010, 2011, 2012, 2013, 2014, 2015, 2016, 2017, 2018, 2019, 2020, 2021, 2022, 2023"
"09482400","AIRPORT WASH AT TUCSON, ARIZ.",15050301,32.15257754,-110.9817587,15,"1966, 1967, 1968, 1969, 1970, 1971, 1972, 1973, 1974, 1975, 1976, 1977, 1978, 1979, 1980"
"09483000","TUCSON ARROYO AT VINE AVE, AT TUCSON, AZ.",15050301,32.21674295,-110.9489799,36,"1945, 1946, 1947, 1948, 1949, 1950, 1951, 1952, 1953, 1954, 1955, 1956, 1957, 1958, 1959, 1960, 1961, 1962, 1963, 1964, 1965, 1966, 1967, 1968, 1969, 1970, 1971, 1972, 1973, 1974, 1975, 1976, 1977, 1978, 1979, 1980"
"09483100","TANQUE VERDE CREEK NEAR TUCSON, ARIZ.",15050302,32.24674194,-110.6800822,14,"1960, 1961, 1962, 1963, 1964, 1965, 1966, 1967, 1968, 1969, 1970, 1971, 1972, 1973"
"09484000","SABINO CREEK NEAR TUCSON, AZ",15050302,32.3147222,-110.8109167,76,"1933, 1934, 1935, 1936, 1937, 1938, 1939, 1940, 1941, 1942, 1943, 1944, 1945, 1946, 1947, 1948, 1949, 1950, 1951, 1952, 1953, 1954, 1955, 1956, 1957, 1958, 1959, 1960, 1961, 1962, 1963, 1964, 1965, 1966, 1967, 1968, 1969, 1970, 1971, 1972, 1973, 1989, 1990, 1991, 1992, 1993, 1994, 1995, 1996, 1997, 1998, 1999, 2000, 2001, 2002, 2003, 2004, 2005, 2006, 2007, 2008, 2009, 2010, 2011, 2012, 2013, 2014, 2015, 2016, 2017, 2018, 2019, 2020, 2021, 2022, 2023"
"09484200","BEAR CREEK NEAR TUCSON, ARIZ.",15050302,32.3061867,-110.8014776,14,"1960, 1961, 1962, 1963, 1964, 1965, 1966, 1967, 1968, 1969, 1970, 1971, 1972, 1973"
"09484500","TANQUE VERDE CREEK AT TUCSON, AZ.",15050302,32.26535338,-110.841199,38,"1941, 1942, 1943, 1944, 1945, 1991, 1992, 1993, 1994, 1995, 1996, 1997, 1998, 1999, 2000, 2001, 2002, 2003, 2004, 2005, 2006, 2007, 2008, 2009, 2010, 2011, 2012, 2013, 2014, 2015, 2016, 2017, 2018, 2019, 2020, 2021, 2022, 2023"
"09484550","CIENEGA CREEK NEAR SONOITA, AZ.",15050302,31.86555556,-110.57,22,"2002, 2003, 2004, 2005, 2006, 2007, 2008, 2009, 2010, 2011, 2012, 2013, 2014, 2015, 2016, 2017, 2018, 2019, 2020, 2021, 2022, 2023"
"09484580","BARREL CANYON NEAR SONOITA, AZ",15050302,31.86175124,-110.691193,15,"2009, 2010, 2011, 2012, 2013, 2014, 2015, 2016, 2017, 2018, 2019, 2020, 2021, 2022, 2023"
"09484600","PANTANO WASH NEAR VAIL, AZ.",15050302,32.0359141,-110.6775818,49,"1959, 1960, 1961, 1962, 1963, 1964, 1965, 1966, 1967, 1968, 1969, 1970, 1971, 1972, 1973, 1990, 1991, 1992, 1993, 1994, 1995, 1996, 1997, 1998, 1999, 2000, 2001, 2002, 2003, 2004, 2005, 2006, 2007, 2008, 2009, 2010, 2011, 2012, 2013, 2014, 2015, 2016, 2017, 2018, 2019, 2020, 2021, 2022, 2023"
"09485000","RINCON CREEK NEAR TUCSON, AZ.",15050302,32.12952258,-110.625914,55,"1953, 1954, 1955, 1956, 1957, 1958, 1959, 1960, 1961, 1962, 1963, 1964, 1965, 1966, 1967, 1968, 1969, 1970, 1971, 1972, 1973, 1988, 1989, 1990, 1991, 1992, 1993, 1994, 1995, 1996, 1997, 1998, 1999, 2000, 2001, 2002, 2003, 2006, 2007, 2008, 2009, 2010, 2011, 2012, 2013, 2014, 2015, 2016, 2017, 2018, 2019, 2020, 2021, 2022, 2023"
"09485450","PANTANO WASH AT BROADWAY BLVD. AT TUCSON, AZ.",15050302,32.2206319,-110.829531,23,"1999, 2000, 2001, 2002, 2003, 2006, 2007, 2008, 2009, 2010, 2011, 2012, 2013, 2014, 2015, 2016, 2017, 2018, 2019, 2020, 2021, 2022, 2023"
"09485700","RILLITO CREEK AT DODGE BOULEVARD, AT TUCSON, AZ.",15050302,32.2714643,-110.9145354,34,"1990, 1991, 1992, 1993, 1994, 1995, 1996, 1997, 1998, 1999, 2000, 2001, 2002, 2003, 2004, 2005, 2006, 2007, 2008, 2009, 2010, 2011, 2012, 2013, 2014, 2015, 2016, 2017, 2018, 2019, 2020, 2021, 2022, 2023"
"09485850","RILLITO CREEK NEAR TUCSON, ARIZ",15050302,32.2886862,-110.9612047,60,"1914, 1916, 1917, 1918, 1919, 1920, 1921, 1922, 1923, 1924, 1925, 1926, 1927, 1928, 1929, 1930, 1931, 1932, 1933, 1934, 1935, 1936, 1937, 1938, 1939, 1940, 1941, 1942, 1943, 1944, 1945, 1946, 1947, 1948, 1949, 1950, 1951, 1952, 1953, 1954, 1955, 1956, 1957, 1958, 1959, 1960, 1961, 1962, 1963, 1964, 1965, 1966, 1967, 1968, 1969, 1970, 1971, 1972, 1973, 1974"
"09486055","RILLITO CREEK AT LA CHOLLA BLVD NEAR TUCSON, AZ.",15050302,32.30340807,-111.0120406,27,"1996, 1998, 1999, 2000, 2001, 2002, 2003, 2004, 2005, 2006, 2007, 2008, 2009, 2010, 2011, 2012, 2013, 2014, 2015, 2016, 2017, 2018, 2019, 2020, 2021, 2022, 2023"
"09486300","CANADA DEL ORO NEAR TUCSON, AZ",15050301,32.3742403,-111.0092662,12,"1966, 1967, 1968, 1969, 1970, 1971, 1972, 1973, 1974, 1975, 1976, 1977"
"09486350","CANADA DEL ORO BLW INA ROAD, NEAR TUCSON, AZ.",15050301,32.33618529,-111.0420429,28,"1996, 1997, 1998, 1999, 2000, 2001, 2002, 2003, 2004, 2005, 2006, 2007, 2008, 2009, 2010, 2011, 2012, 2013, 2014, 2015, 2016, 2017, 2018, 2019, 2020, 2021, 2022, 2023"
"09486500","SANTA CRUZ RIVER AT CORTARO, AZ",15050301,32.3511849,-111.0945447,71,"1940, 1941, 1942, 1943, 1944, 1945, 1946, 1951, 1952, 1953, 1954, 1955, 1956, 1957, 1958, 1959, 1960, 1961, 1962, 1963, 1964, 1965, 1966, 1967, 1968, 1969, 1970, 1971, 1972, 1973, 1974, 1975, 1976, 1977, 1978, 1979, 1980, 1981, 1991, 1992, 1993, 1994, 1995, 1996, 1997, 1998, 1999, 2000, 2001, 2002, 2003, 2004, 2005, 2006, 2007, 2008, 2009, 2010, 2011, 2012, 2013, 2014, 2015, 2016, 2017, 2018, 2019, 2020, 2021, 2022, 2023"
"09486520","SANTA CRUZ RIVER AT TRICO ROAD, NR MARANA, AZ.",15050303,32.47145874,-111.3076074,34,"1990, 1991, 1992, 1993, 1994, 1995, 1996, 1997, 1998, 1999, 2000, 2001, 2002, 2003, 2004, 2005, 2006, 2007, 2008, 2009, 2010, 2011, 2012, 2013, 2014, 2015, 2016, 2017, 2018, 2019, 2020, 2021, 2022, 2023"
"09486590","ARIVACA CREEK NEAR ARIVACA, AZ",15050304,31.58355556,-111.34975,10,"2003, 2004, 2005, 2006, 2007, 2008, 2009, 2010, 2011, 2013"
"09486800","ALTAR WASH NEAR THREE POINTS, AZ.",15050304,31.83897238,-111.4042694,40,"1966, 1967, 1968, 1969, 1970, 1971, 1972, 1973, 1974, 1993, 1994, 1995, 1996, 1997, 1998, 1999, 2000, 2001, 2002, 2003, 2004, 2005, 2006, 2007, 2008, 2009, 2010, 2011, 2012, 2013, 2014, 2015, 2016, 2017, 2018, 2019, 2020, 2021, 2022, 2023"
"09487000","BRAWLEY WASH NEAR THREE POINTS, AZ.",15050304,32.07563364,-111.3387156,31,"1993, 1994, 1995, 1996, 1997, 1998, 1999, 2000, 2001, 2002, 2003, 2004, 2005, 2006, 2007, 2008, 2009, 2010, 2011, 2012, 2013, 2014, 2015, 2016, 2017, 2018, 2019, 2020, 2021, 2022, 2023"
"09488500","SANTA ROSA WASH NR. VAIVA VO, ARIZ.",15050306,32.6675574,-111.9281879,25,"1955, 1956, 1957, 1958, 1959, 1960, 1961, 1962, 1963, 1964, 1965, 1966, 1967, 1968, 1969, 1970, 1971, 1972, 1973, 1974, 1975, 1976, 1977, 1978, 1979"
"09489000","SANTA CRUZ RIVER NEAR LAVEEN, AZ.",15050303,33.23226977,-112.169593,82,"1940, 1941, 1942, 1943, 1944, 1945, 1948, 1949, 1950, 1951, 1952, 1953, 1954, 1955, 1956, 1957, 1958, 1959, 1960, 1961, 1962, 1963, 1964, 1965, 1966, 1967, 1968, 1969, 1970, 1971, 1972, 1973, 1974, 1975, 1976, 1977, 1978, 1979, 1980, 1981, 1982, 1983, 1984, 1985, 1986, 1987, 1988, 1989, 1990, 1991, 1992, 1993, 1994, 1995, 1996, 1997, 1998, 1999, 2000, 2001, 2002, 2003, 2004, 2005, 2006, 2007, 2008, 2009, 2010, 2011, 2012, 2013, 2014, 2015, 2016, 2017, 2018, 2019, 2020, 2021, 2022, 2023"
"09489070","NORTH FORK OF EAST FORK BLACK R NR ALPINE, AZ",15060101,33.90310584,-109.3228616,12,"1966, 1967, 1968, 1969, 1970, 1971, 1972, 1973, 1974, 1975, 1976, 1977"
"09489100","BLACK RIVER NEAR MAVERICK, ARIZ.",15060101,33.70755199,-109.4473074,19,"1963, 1964, 1965, 1966, 1967, 1968, 1969, 1970, 1971, 1972, 1973, 1974, 1975, 1976, 1977, 1978, 1979, 1980, 1981"
"09489200","PACHETA CREEK AT MAVERICK, AZ",15060101,33.73977345,-109.5406442,22,"1958, 1959, 1960, 1961, 1962, 1963, 1964, 1965, 1966, 1967, 1968, 1969, 1970, 1971, 1972, 1973, 1974, 1975, 1976, 1977, 1978, 1979"
"09489499","BLACK R AB WILLOW CR DIV NR POINT OF PINES, AZ",15060101,33.48144254,-109.7531442,35,"1954, 1955, 1956, 1957, 1958, 1959, 1960, 1961, 1962, 1963, 1964, 1965, 1966, 1967, 1968, 1969, 1970, 1971, 1972, 1973, 1974, 1975, 1976, 1977, 1978, 1979, 1980, 1981, 1982, 1983, 1984, 1985, 1986, 1987, 1988"
"09489500","BLACK RVR BLW PUMPING PLANT, NR POINT OF PINES, AZ",15060101,33.47672039,-109.7639775,70,"1954, 1955, 1956, 1957, 1958, 1959, 1960, 1961, 1962, 1963, 1964, 1965, 1966, 1967, 1968, 1969, 1970, 1971, 1972, 1973, 1974, 1975, 1976, 1977, 1978, 1979, 1980, 1981, 1982, 1983, 1984, 1985, 1986, 1987, 1988, 1989, 1990, 1991, 1992, 1993, 1994, 1995, 1996, 1997, 1998, 1999, 2000, 2001, 2002, 2003, 2004, 2005, 2006, 2007, 2008, 2009, 2010, 2011, 2012, 2013, 2014, 2015, 2016, 2017, 2018, 2019, 2020, 2021, 2022, 2023"
"09489700","BIG BONITO C NR FORT APACHE, ARIZ.",15060101,33.6672744,-109.8467605,23,"1958, 1959, 1960, 1961, 1962, 1963, 1964, 1965, 1966, 1967, 1968, 1969, 1970, 1971, 1972, 1973, 1974, 1975, 1976, 1977, 1978, 1979, 1980"
"09490500","BLACK RIVER NEAR FORT APACHE, AZ.",15060101,33.71282949,-110.2117674,67,"1914, 1958, 1959, 1960, 1961, 1962, 1963, 1964, 1965, 1966, 1967, 1968, 1969, 1970, 1971, 1972, 1973, 1974, 1975, 1976, 1977, 1978, 1979, 1980, 1981, 1982, 1983, 1984, 1985, 1986, 1987, 1988, 1989, 1990, 1991, 1992, 1993, 1994, 1995, 1996, 1997, 1998, 1999, 2000, 2001, 2002, 2003, 2004, 2005, 2006, 2007, 2008, 2009, 2010, 2011, 2012, 2013, 2014, 2015, 2016, 2017, 2018, 2019, 2020, 2021, 2022, 2023"
"09490800","NORTH FORK WHITE RIVER NR. GREER, ARIZ.",15060102,34.01393579,-109.6423184,12,"1966, 1967, 1968, 1969, 1970, 1971, 1972, 1973, 1974, 1975, 1976, 1977"
"09492400","EAST FORK WHITE RIVER NEAR FORT APACHE, AZ.",15060102,33.8222723,-109.8145413,66,"1958, 1959, 1960, 1961, 1962, 1963, 1964, 1965, 1966, 1967, 1968, 1969, 1970, 1971, 1972, 1973, 1974, 1975, 1976, 1977, 1978, 1979, 1980, 1981, 1982, 1983, 1984, 1985, 1986, 1987, 1988, 1989, 1990, 1991, 1992, 1993, 1994, 1995, 1996, 1997, 1998, 1999, 2000, 2001, 2002, 2003, 2004, 2005, 2006, 2007, 2008, 2009, 2010, 2011, 2012, 2013, 2014, 2015, 2016, 2017, 2018, 2019, 2020, 2021, 2022, 2023"
"09494000","WHITE RIVER NEAR FORT APACHE, AZ.",15060102,33.73644059,-110.166767,66,"1958, 1959, 1960, 1961, 1962, 1963, 1964, 1965, 1966, 1967, 1968, 1969, 1970, 1971, 1972, 1973, 1974, 1975, 1976, 1977, 1978, 1979, 1980, 1981, 1982, 1983, 1984, 1985, 1986, 1987, 1988, 1989, 1990, 1991, 1992, 1993, 1994, 1995, 1996, 1997, 1998, 1999, 2000, 2001, 2002, 2003, 2004, 2005, 2006, 2007, 2008, 2009, 2010, 2011, 2012, 2013, 2014, 2015, 2016, 2017, 2018, 2019, 2020, 2021, 2022, 2023"
"09494300","CARRIZO C AB CORDUROY C NR SHOW LOW, ARIZ.",15060104,34.00004739,-110.2895533,13,"1954, 1955, 1956, 1957, 1958, 1959, 1960, 1961, 1962, 1963, 1964, 1965, 1966"
"09496000","CORDUROY CREEK NEAR MOUTH NEAR SHOW LOW, AZ",15060104,34.01838007,-110.242331,24,"1952, 1953, 1954, 1955, 1956, 1957, 1958, 1959, 1960, 1961, 1962, 1963, 1964, 1965, 1966, 1967, 1968, 1969, 1970, 1971, 1972, 1973, 1974, 2004"
"09496500","CARRIZO CREEK NEAR SHOW LOW, AZ.",15060104,33.9858809,-110.2809417,62,"1952, 1953, 1954, 1955, 1956, 1957, 1958, 1959, 1960, 1968, 1969, 1970, 1971, 1972, 1973, 1974, 1978, 1979, 1980, 1981, 1982, 1983, 1984, 1985, 1986, 1987, 1988, 1989, 1990, 1991, 1992, 1993, 1994, 1995, 1996, 1997, 1998, 1999, 2000, 2001, 2002, 2003, 2004, 2005, 2006, 2007, 2008, 2009, 2010, 2011, 2012, 2013, 2014, 2015, 2016, 2017, 2018, 2019, 2020, 2021, 2022, 2023"
"09496600","CIBECUE 1 TRIB CARRIZO CR NR SHOW LOW, ARIZ.",15060104,33.99115876,-110.3248314,12,"1959, 1960, 1961, 1962, 1963, 1964, 1965, 1966, 1967, 1968, 1969, 1970"
"09496700","CIBECUE 2, TRIB CARRIZO CR, NR SHOW LOW, ARIZ.",15060104,33.9881032,-110.31122,12,"1959, 1960, 1961, 1962, 1963, 1964, 1965, 1966, 1967, 1968, 1969, 1970"
"09497500","SALT RIVER NEAR CHRYSOTILE, AZ",15060103,33.79810588,-110.4998292,99,"1925, 1926, 1927, 1928, 1929, 1930, 1931, 1932, 1933, 1934, 1935, 1936, 1937, 1938, 1939, 1940, 1941, 1942, 1943, 1944, 1945, 1946, 1947, 1948, 1949, 1950, 1951, 1952, 1953, 1954, 1955, 1956, 1957, 1958, 1959, 1960, 1961, 1962, 1963, 1964, 1965, 1966, 1967, 1968, 1969, 1970, 1971, 1972, 1973, 1974, 1975, 1976, 1977, 1978, 1979, 1980, 1981, 1982, 1983, 1984, 1985, 1986, 1987, 1988, 1989, 1990, 1991, 1992, 1993, 1994, 1995, 1996, 1997, 1998, 1999, 2000, 2001, 2002, 2003, 2004, 2005, 2006, 2007, 2008, 2009, 2010, 2011, 2012, 2013, 2014, 2015, 2016, 2017, 2018, 2019, 2020, 2021, 2022, 2023"
"09497800","CIBECUE CREEK NEAR CHRYSOTILE, AZ",15060103,33.8431053,-110.5576092,64,"1960, 1961, 1962, 1963, 1964, 1965, 1966, 1967, 1968, 1969, 1970, 1971, 1972, 1973, 1974, 1975, 1976, 1977, 1978, 1979, 1980, 1981, 1982, 1983, 1984, 1985, 1986, 1987, 1988, 1989, 1990, 1991, 1992, 1993, 1994, 1995, 1996, 1997, 1998, 1999, 2000, 2001, 2002, 2003, 2004, 2005, 2006, 2007, 2008, 2009, 2010, 2011, 2012, 2013, 2014, 2015, 2016, 2017, 2018, 2019, 2020, 2021, 2022, 2023"
"09497900","CHERRY CREEK NEAR YOUNG, AZ",15060103,34.0828216,-110.92429,13,"1964, 1965, 1966, 1967, 1968, 1969, 1970, 1971, 1972, 1973, 1974, 1975, 1976"
"09497980","CHERRY CREEK NEAR GLOBE, AZ",15060103,33.8278262,-110.8562266,57,"1966, 1967, 1968, 1969, 1970, 1971, 1972, 1973, 1974, 1975, 1976, 1977, 1978, 1980, 1981, 1982, 1983, 1984, 1985, 1986, 1987, 1988, 1989, 1990, 1991, 1992, 1993, 1994, 1995, 1996, 1997, 1998, 1999, 2000, 2001, 2002, 2003, 2004, 2005, 2006, 2007, 2008, 2009, 2010, 2011, 2012, 2013, 2014, 2015, 2016, 2017, 2018, 2019, 2020, 2021, 2022, 2023"
"09498500","SALT RIVER NEAR ROOSEVELT, AZ",15060103,33.6194949,-110.9215037,110,"1914, 1915, 1916, 1917, 1918, 1919, 1920, 1921, 1922, 1923, 1924, 1925, 1926, 1927, 1928, 1929, 1930, 1931, 1932, 1933, 1934, 1935, 1936, 1937, 1938, 1939, 1940, 1941, 1942, 1943, 1944, 1945, 1946, 1947, 1948, 1949, 1950, 1951, 1952, 1953, 1954, 1955, 1956, 1957, 1958, 1959, 1960, 1961, 1962, 1963, 1964, 1965, 1966, 1967, 1968, 1969, 1970, 1971, 1972, 1973, 1974, 1975, 1976, 1977, 1978, 1979, 1980, 1981, 1982, 1983, 1984, 1985, 1986, 1987, 1988, 1989, 1990, 1991, 1992, 1993, 1994, 1995, 1996, 1997, 1998, 1999, 2000, 2001, 2002, 2003, 2004, 2005, 2006, 2007, 2008, 2009, 2010, 2011, 2012, 2013, 2014, 2015, 2016, 2017, 2018, 2019, 2020, 2021, 2022, 2023"
"09498501","PINTO CREEK BLW HAUNTED CANYON NR MIAMI, AZ",15060103,33.41866469,-111.0095609,28,"1996, 1997, 1998, 1999, 2000, 2001, 2002, 2003, 2004, 2005, 2006, 2007, 2008, 2009, 2010, 2011, 2012, 2013, 2014, 2015, 2016, 2017, 2018, 2019, 2020, 2021, 2022, 2023"
"09498502","PINTO CREEK NEAR MIAMI, AZ",15060103,33.4878297,-110.9953942,27,"1995, 1996, 1997, 1998, 1999, 2000, 2001, 2002, 2003, 2004, 2005, 2006, 2007, 2008, 2009, 2010, 2011, 2012, 2013, 2014, 2015, 2018, 2019, 2020, 2021, 2022, 2023"
"09498503","SOUTH FORK PARKER CREEK NEAR ROOSEVELT, AZ",15060103,33.79694444,-110.9598111,36,"1986, 1987, 1988, 1989, 1990, 1991, 1992, 1995, 1996, 1997, 1998, 1999, 2000, 2001, 2002, 2003, 2004, 2005, 2006, 2007, 2008, 2009, 2010, 2011, 2012, 2013, 2014, 2015, 2016, 2017, 2018, 2019, 2020, 2021, 2022, 2023"
"09498800","TONTO CREEK NEAR GISELA, ARIZ.",15060105,34.1289271,-111.2554106,10,"1965, 1966, 1967, 1968, 1969, 1970, 1971, 1972, 1973, 1974"
"09498870","RYE CREEK NR GISELA, ARIZ.",15060105,34.0333735,-111.292355,19,"1966, 1967, 1968, 1969, 1970, 1971, 1972, 1973, 1974, 1975, 1976, 1977, 1978, 1979, 1980, 1981, 1982, 1983, 1984"
"09499000","TONTO CREEK ABOVE GUN CREEK, NEAR ROOSEVELT, AZ",15060105,33.9800413,-111.3034659,83,"1941, 1942, 1943, 1944, 1945, 1946, 1947, 1948, 1949, 1950, 1951, 1952, 1953, 1954, 1955, 1956, 1957, 1958, 1959, 1960, 1961, 1962, 1963, 1964, 1965, 1966, 1967, 1968, 1969, 1970, 1971, 1972, 1973, 1974, 1975, 1976, 1977, 1978, 1979, 1980, 1981, 1982, 1983, 1984, 1985, 1986, 1987, 1988, 1989, 1990, 1991, 1992, 1993, 1994, 1995, 1996, 1997, 1998, 1999, 2000, 2001, 2002, 2003, 2004, 2005, 2006, 2007, 2008, 2009, 2010, 2011, 2012, 2013, 2014, 2015, 2016, 2017, 2018, 2019, 2020, 2021, 2022, 2023"
"09499500","TONTO C NR ROOSEVELT ARIZ",15060105,33.8667103,-111.3006866,27,"1914, 1915, 1916, 1917, 1918, 1919, 1920, 1921, 1922, 1923, 1924, 1925, 1926, 1927, 1928, 1929, 1930, 1931, 1932, 1933, 1934, 1935, 1936, 1937, 1938, 1939, 1940"
"09502800","WILLIAMSON VALLEY WASH NEAR PAULDEN, AZ",15060201,34.8666865,-112.6132308,41,"1966, 1967, 1968, 1969, 1970, 1971, 1972, 1973, 1974, 1975, 1976, 1977, 1978, 1979, 1980, 1981, 1982, 1983, 1984, 2002, 2003, 2004, 2005, 2006, 2007, 2008, 2009, 2010, 2011, 2012, 2013, 2014, 2015, 2016, 2017, 2018, 2019, 2020, 2021, 2022, 2023"
"09502900","DEL RIO SPRINGS NEAR CHINO VALLEY, AZ",15060202,34.8255769,-112.4446148,27,"1997, 1998, 1999, 2000, 2001, 2002, 2003, 2004, 2005, 2006, 2007, 2008, 2009, 2010, 2011, 2012, 2013, 2014, 2015, 2016, 2017, 2018, 2019, 2020, 2021, 2022, 2023"
"09503700","VERDE RIVER NEAR PAULDEN, AZ",15060202,34.89502016,-112.3429468,60,"1964, 1965, 1966, 1967, 1968, 1969, 1970, 1971, 1972, 1973, 1974, 1975, 1976, 1977, 1978, 1979, 1980, 1981, 1982, 1983, 1984, 1985, 1986, 1987, 1988, 1989, 1990, 1991, 1992, 1993, 1994, 1995, 1996, 1997, 1998, 1999, 2000, 2001, 2002, 2003, 2004, 2005, 2006, 2007, 2008, 2009, 2010, 2011, 2012, 2013, 2014, 2015, 2016, 2017, 2018, 2019, 2020, 2021, 2022, 2023"
"09504000","VERDE RIVER NEAR CLARKDALE, AZ",15060202,34.8522416,-112.065994,61,"1918, 1919, 1920, 1966, 1967, 1968, 1969, 1970, 1971, 1972, 1973, 1974, 1975, 1976, 1977, 1978, 1979, 1980, 1981, 1982, 1983, 1984, 1985, 1986, 1987, 1988, 1989, 1990, 1991, 1992, 1993, 1994, 1995, 1996, 1997, 1998, 1999, 2000, 2001, 2002, 2003, 2004, 2005, 2006, 2007, 2008, 2009, 2010, 2011, 2012, 2013, 2014, 2015, 2016, 2017, 2018, 2019, 2020, 2021, 2022, 2023"
"09504420","OAK CREEK NEAR SEDONA, AZ",15060202,34.86168418,-111.7618227,42,"1982, 1983, 1984, 1985, 1986, 1987, 1988, 1989, 1990, 1991, 1992, 1993, 1994, 1995, 1996, 1997, 1998, 1999, 2000, 2001, 2002, 2003, 2004, 2005, 2006, 2007, 2008, 2009, 2010, 2011, 2012, 2013, 2014, 2015, 2016, 2017, 2018, 2019, 2020, 2021, 2022, 2023"
"09504430","OAK CREEK AT SEDONA, AZ",15060202,34.86168418,-111.7618227,13,"1982, 1983, 1984, 1985, 1986, 1987, 1988, 1989, 1990, 1991, 1992, 1993, 1994"
"09504500","OAK CREEK NEAR CORNVILLE, AZ",15060202,34.76446436,-111.8909885,79,"1941, 1942, 1943, 1944, 1949, 1950, 1951, 1952, 1953, 1954, 1955, 1956, 1957, 1958, 1959, 1960, 1961, 1962, 1963, 1964, 1965, 1966, 1967, 1968, 1969, 1970, 1971, 1972, 1973, 1974, 1975, 1976, 1977, 1978, 1979, 1980, 1981, 1982, 1983, 1984, 1985, 1986, 1987, 1988, 1989, 1990, 1991, 1992, 1993, 1994, 1995, 1996, 1997, 1998, 1999, 2000, 2001, 2002, 2003, 2004, 2005, 2006, 2007, 2008, 2009, 2010, 2011, 2012, 2013, 2014, 2015, 2016, 2017, 2018, 2019, 2020, 2021, 2022, 2023"
"09505200","WET BEAVER CREEK NEAR RIMROCK, AZ",15060202,34.67474409,-111.672094,56,"1962, 1963, 1964, 1965, 1966, 1967, 1968, 1969, 1970, 1971, 1972, 1973, 1974, 1975, 1976, 1977, 1978, 1979, 1980, 1981, 1986, 1989, 1990, 1991, 1992, 1993, 1994, 1995, 1996, 1997, 1998, 1999, 2000, 2001, 2002, 2003, 2004, 2005, 2006, 2007, 2008, 2009, 2010, 2011, 2012, 2013, 2014, 2015, 2016, 2017, 2018, 2019, 2020, 2021, 2022, 2023"
"09505250","RED TANK DRAW NEAR RIMROCK, AZ",15060202,34.695299,-111.7143174,20,"1958, 1959, 1960, 1961, 1962, 1963, 1964, 1965, 1966, 1967, 1968, 1969, 1970, 1971, 1972, 1973, 1974, 1975, 1976, 1977"
"09505300","RATTLESNAKE CANYON NEAR RIMROCK, AZ",15060202,34.76696436,-111.6737629,22,"1958, 1959, 1960, 1961, 1962, 1963, 1964, 1965, 1966, 1967, 1968, 1969, 1970, 1971, 1972, 1973, 1974, 1975, 1976, 1977, 1978, 1979"
"09505350","DRY BEAVER CREEK NEAR RIMROCK, AZ",15060202,34.72863146,-111.775708,63,"1961, 1962, 1963, 1964, 1965, 1966, 1967, 1968, 1969, 1970, 1971, 1972, 1973, 1974, 1975, 1976, 1977, 1978, 1979, 1980, 1981, 1982, 1983, 1984, 1985, 1986, 1987, 1988, 1989, 1990, 1991, 1992, 1993, 1994, 1995, 1996, 1997, 1998, 1999, 2000, 2001, 2002, 2003, 2004, 2005, 2006, 2007, 2008, 2009, 2010, 2011, 2012, 2013, 2014, 2015, 2016, 2017, 2018, 2019, 2020, 2021, 2022, 2023"
"09505800","WEST CLEAR CREEK NEAR CAMP VERDE, AZ",15060203,34.53863606,-111.6940356,59,"1965, 1966, 1967, 1968, 1969, 1970, 1971, 1972, 1973, 1974, 1975, 1976, 1977, 1978, 1979, 1980, 1981, 1982, 1983, 1984, 1985, 1986, 1987, 1988, 1989, 1990, 1991, 1992, 1993, 1994, 1995, 1996, 1997, 1998, 1999, 2000, 2001, 2002, 2003, 2004, 2005, 2006, 2007, 2008, 2009, 2010, 2011, 2012, 2013, 2014, 2015, 2016, 2017, 2018, 2019, 2020, 2021, 2022, 2023"
"09506000","VERDE RIVER NEAR CAMP VERDE, AZ",15060203,34.4483605,-111.7898705,45,"1935, 1936, 1937, 1938, 1939, 1940, 1941, 1942, 1943, 1944, 1989, 1990, 1991, 1992, 1993, 1994, 1995, 1996, 1997, 1998, 1999, 2000, 2001, 2002, 2003, 2004, 2005, 2006, 2007, 2008, 2009, 2010, 2011, 2012, 2013, 2014, 2015, 2016, 2017, 2018, 2019, 2020, 2021, 2022, 2023"
"09507480","FOSSIL CREEK NEAR STRAWBERRY, AZ",15060203,34.39430556,-111.63,13,"2011, 2012, 2013, 2014, 2015, 2016, 2017, 2018, 2019, 2020, 2021, 2022, 2023"
"09507700","WEBBER CR AB WEST FORK WEBBER CR N PINE, AZ",15060203,34.41114028,-111.3729165,14,"1960, 1961, 1962, 1963, 1964, 1965, 1966, 1967, 1968, 1969, 1970, 1971, 1972, 1973"
"09507980","EAST VERDE RIVER NEAR CHILDS, AZ",15060203,34.27642068,-111.6387561,58,"1962, 1963, 1964, 1965, 1968, 1969, 1970, 1971, 1972, 1973, 1974, 1975, 1976, 1977, 1978, 1979, 1980, 1981, 1982, 1983, 1984, 1985, 1986, 1987, 1988, 1989, 1990, 1991, 1992, 1993, 1994, 1995, 1996, 1997, 1998, 1999, 2000, 2001, 2002, 2003, 2004, 2007, 2008, 2009, 2010, 2011, 2012, 2013, 2014, 2015, 2016, 2017, 2018, 2019, 2020, 2021, 2022, 2023"
"09508000","VERDE RIVER BELOW EAST VERDE RIVER NEAR CHILDS, AZ",15060203,34.2635583,-111.6815278,11,"1935, 1936, 1937, 1938, 1939, 1940, 1986, 1987, 1988, 1989, 1990"
"09508300","WET BOTTOM CREEK NEAR CHILDS, AZ",15060203,34.16086787,-111.6929235,56,"1968, 1969, 1970, 1971, 1972, 1973, 1974, 1975, 1976, 1977, 1978, 1979, 1980, 1981, 1982, 1983, 1984, 1985, 1986, 1987, 1988, 1989, 1990, 1991, 1992, 1993, 1994, 1995, 1996, 1997, 1998, 1999, 2000, 2001, 2002, 2003, 2004, 2005, 2006, 2007, 2008, 2009, 2010, 2011, 2012, 2013, 2014, 2015, 2016, 2017, 2018, 2019, 2020, 2021, 2022, 2023"
"09508500","VERDE RVR BLW TANGLE CREEK, ABV HORSESHOE DAM, AZ",15060203,34.0730922,-111.7162569,58,"1946, 1947, 1948, 1949, 1950, 1951, 1952, 1953, 1954, 1955, 1956, 1957, 1958, 1959, 1960, 1961, 1962, 1963, 1964, 1965, 1966, 1967, 1968, 1969, 1970, 1971, 1972, 1973, 1974, 1975, 1976, 1977, 1978, 1979, 1980, 1981, 1982, 1983, 1984, 1985, 2006, 2007, 2008, 2009, 2010, 2011, 2012, 2013, 2014, 2015, 2016, 2017, 2018, 2019, 2020, 2021, 2022, 2023"
"09510070","WF SYCAMORE CR AB MCFAR CAN, N SUNFLOWER, AZ",15060203,33.96059568,-111.4873585,11,"1966, 1967, 1968, 1969, 1970, 1971, 1972, 1973, 1983, 1984, 1985"
"09510080","WEST FORK SYCAMORE CR NR SUNFLOWER, ARIZ.",15060203,33.9458737,-111.4854139,12,"1962, 1963, 1964, 1965, 1966, 1967, 1968, 1969, 1970, 1971, 1972, 1973"
"09510100","EAST FORK SYCAMORE CREEK NEAR SUNFLOWER, ARIZ.",15060203,33.94948498,-111.4615245,24,"1962, 1963, 1964, 1965, 1966, 1967, 1968, 1969, 1970, 1971, 1972, 1973, 1974, 1975, 1976, 1977, 1978, 1979, 1980, 1981, 1982, 1983, 1984, 1985"
"09510150","SYCAMORE CREEK NEAR SUNFLOWER, ARIZ.",15060203,33.85143118,-111.45319,14,"1962, 1963, 1964, 1965, 1966, 1967, 1968, 1969, 1970, 1971, 1972, 1973, 1974, 1975"
"09510200","SYCAMORE CREEK NEAR FORT MCDOWELL, AZ",15060203,33.69421054,-111.541802,63,"1961, 1962, 1963, 1964, 1965, 1966, 1967, 1968, 1969, 1970, 1971, 1972, 1973, 1974, 1975, 1976, 1977, 1978, 1979, 1980, 1981, 1982, 1983, 1984, 1985, 1986, 1987, 1988, 1989, 1990, 1991, 1992, 1993, 1994, 1995, 1996, 1997, 1998, 1999, 2000, 2001, 2002, 2003, 2004, 2005, 2006, 2007, 2008, 2009, 2010, 2011, 2012, 2013, 2014, 2015, 2016, 2017, 2018, 2019, 2020, 2021, 2022, 2023"
"09511300","VERDE RIVER NEAR SCOTTSDALE, AZ",15060203,33.5586557,-111.6693043,59,"1962, 1963, 1964, 1965, 1966, 1967, 1968, 1969, 1970, 1971, 1972, 1973, 1974, 1975, 1976, 1977, 1978, 1979, 1980, 1981, 1982, 1983, 1984, 1985, 1986, 1987, 1988, 1989, 1990, 1991, 1992, 1993, 1994, 1995, 1996, 1997, 1998, 1999, 2000, 2001, 2002, 2003, 2004, 2005, 2006, 2007, 2008, 2012, 2013, 2014, 2015, 2016, 2017, 2018, 2019, 2020, 2021, 2022, 2023"
"09512100","INDIAN BEND WASH AT SCOTTSDALE ARIZ",15060106,33.53865414,-111.9165334,20,"1961, 1963, 1964, 1965, 1966, 1967, 1968, 1970, 1971, 1972, 1973, 1974, 1975, 1976, 1978, 1979, 1980, 1981, 1982, 1983"
"09512162","INDIAN BEND WASH AT CURRY ROAD, TEMPE, AZ.",15060106,33.4403229,-111.9151434,29,"1993, 1994, 1995, 1996, 1997, 1998, 1999, 2000, 2001, 2002, 2003, 2004, 2005, 2006, 2007, 2008, 2009, 2010, 2011, 2012, 2013, 2014, 2015, 2016, 2017, 2018, 2019, 2020, 2021"
"09512165","SALT RIVER AT PRIEST DRIVE NEAR PHOENIX, AZ.",15060106,33.43948927,-111.9609781,28,"1994, 1995, 1998, 1999, 2000, 2001, 2002, 2003, 2004, 2005, 2006, 2007, 2008, 2009, 2010, 2011, 2012, 2013, 2014, 2015, 2016, 2017, 2018, 2019, 2020, 2021, 2022, 2023"
"09512200","SALT RIVER TRIB. IN SOUTH MNTN PARK NR PHOENIX, AZ",15060106,33.34699047,-112.0848697,27,"1961, 1963, 1964, 1965, 1966, 1967, 1968, 1970, 1972, 1974, 1976, 1977, 1978, 1981, 1982, 1983, 1984, 1985, 1987, 1988, 1990, 1991, 1992, 1993, 1994, 1995, 1996"
"09512280","CAVE CREEK BLW COTTONWOOD CR NEAR CAVE CREEK, AZ.",15070102,33.88725977,-111.9540388,43,"1981, 1982, 1983, 1984, 1985, 1986, 1987, 1988, 1989, 1990, 1991, 1992, 1993, 1994, 1995, 1996, 1997, 1998, 1999, 2000, 2001, 2002, 2003, 2004, 2005, 2006, 2007, 2008, 2009, 2010, 2011, 2012, 2013, 2014, 2015, 2016, 2017, 2018, 2019, 2020, 2021, 2022, 2023"
"09512400","CAVE CREEK AT PHOENIX, ARIZ.",15070102,33.58226304,-112.1126513,29,"1958, 1959, 1960, 1961, 1963, 1964, 1965, 1966, 1967, 1968, 1970, 1971, 1972, 1973, 1974, 1975, 1976, 1978, 1979, 1980, 1982, 1983, 1984, 1985, 1986, 1987, 1988, 1989, 1990"
"09512450","AGUA FRIA RIVER NEAR HUMBOLDT, AZ",15070102,34.48527778,-112.2375,24,"2000, 2001, 2002, 2003, 2004, 2005, 2006, 2007, 2008, 2009, 2010, 2011, 2012, 2013, 2014, 2015, 2016, 2017, 2018, 2019, 2020, 2021, 2022, 2023"
"09512500","AGUA FRIA RIVER NEAR MAYER, AZ",15070102,34.3153073,-112.0640455,84,"1940, 1941, 1942, 1943, 1944, 1945, 1946, 1947, 1948, 1949, 1950, 1951, 1952, 1953, 1954, 1955, 1956, 1957, 1958, 1959, 1960, 1961, 1962, 1963, 1964, 1965, 1966, 1967, 1968, 1969, 1970, 1971, 1972, 1973, 1974, 1975, 1976, 1977, 1978, 1979, 1980, 1981, 1982, 1983, 1984, 1985, 1986, 1987, 1988, 1989, 1990, 1991, 1992, 1993, 1994, 1995, 1996, 1997, 1998, 1999, 2000, 2001, 2002, 2003, 2004, 2005, 2006, 2007, 2008, 2009, 2010, 2011, 2012, 2013, 2014, 2015, 2016, 2017, 2018, 2019, 2020, 2021, 2022, 2023"
"09512800","AGUA FRIA RIVER NEAR ROCK SPRINGS, AZ",15070102,34.01558948,-112.1679378,52,"1970, 1971, 1972, 1975, 1976, 1977, 1978, 1979, 1980, 1981, 1982, 1983, 1984, 1985, 1986, 1987, 1988, 1989, 1990, 1991, 1992, 1993, 1994, 1995, 1996, 1997, 1998, 1999, 2000, 2001, 2002, 2003, 2004, 2005, 2006, 2007, 2008, 2009, 2010, 2011, 2012, 2013, 2014, 2015, 2016, 2017, 2018, 2019, 2020, 2021, 2022, 2023"
"09512860","HUMBUG CREEK, NEAR CASTLE HOT SPRINGS, AZ",15070102,33.96725579,-112.2934977,10,"1984, 1985, 1986, 1987, 1988, 1989, 1990, 1991, 1992, 1993"
"09513780","NEW RIVER NEAR ROCK SPRINGS, AZ.",15070102,33.97420168,-112.0990458,58,"1966, 1967, 1968, 1969, 1970, 1971, 1972, 1973, 1974, 1975, 1976, 1977, 1978, 1979, 1980, 1981, 1982, 1983, 1984, 1985, 1986, 1987, 1988, 1989, 1990, 1991, 1992, 1993, 1994, 1995, 1996, 1997, 1998, 1999, 2000, 2001, 2002, 2003, 2004, 2005, 2006, 2007, 2008, 2009, 2010, 2011, 2012, 2013, 2014, 2015, 2016, 2017, 2018, 2019, 2020, 2021, 2022, 2023"
"09513800","NEW RIVER AT NEW RIVER, ARIZ.",15070102,33.91142428,-112.1412685,21,"1961, 1962, 1963, 1964, 1965, 1966, 1967, 1968, 1969, 1970, 1971, 1972, 1973, 1974, 1975, 1976, 1977, 1978, 1979, 1980, 1981"
"09513835","NEW RIVER AT BELL ROAD, NEAR PEORIA, ARIZ.",15070102,33.63837197,-112.2401568,14,"1970, 1971, 1972, 1973, 1974, 1976, 1978, 1979, 1980, 1981, 1982, 1983, 1991, 1992"
"09513860","SKUNK CREEK NEAR PHOENIX, AZ",15070102,33.72920456,-112.1198755,51,"1968, 1970, 1971, 1972, 1973, 1974, 1976, 1977, 1978, 1979, 1980, 1981, 1982, 1983, 1984, 1985, 1986, 1987, 1988, 1989, 1990, 1991, 1992, 1993, 1995, 1996, 1997, 1998, 1999, 2000, 2001, 2002, 2003, 2004, 2005, 2006, 2007, 2008, 2010, 2012, 2013, 2014, 2015, 2016, 2017, 2018, 2019, 2020, 2021, 2022, 2023"
"09513910","NEW RIVER NR GLENDALE, ARIZ.",15070102,33.5367072,-112.2818232,12,"1965, 1966, 1967, 1968, 1991, 1992, 1993, 1994, 1995, 1996, 1997, 1998"
"09514100","GILA RIVER AT ESTRELLA PARKWAY, NEAR GOODYEAR, AZ",15070101,33.3875427,-112.3923808,31,"1993, 1994, 1995, 1996, 1997, 1998, 1999, 2000, 2001, 2002, 2003, 2004, 2005, 2006, 2007, 2008, 2009, 2010, 2011, 2012, 2013, 2014, 2015, 2016, 2017, 2018, 2019, 2020, 2021, 2022, 2023"
"09515500","HASSAYAMPA RIVER AT BOX DAMSITE NR WICKENBURG AZ",15070103,34.0450291,-112.7098996,35,"1947, 1948, 1949, 1950, 1951, 1952, 1953, 1954, 1955, 1956, 1957, 1958, 1959, 1960, 1961, 1962, 1963, 1964, 1965, 1966, 1967, 1968, 1969, 1970, 1971, 1972, 1973, 1974, 1975, 1976, 1977, 1978, 1979, 1980, 1981"
"09516500","HASSAYAMPA RIVER NEAR MORRISTOWN, AZ.",15070103,33.88503188,-112.6621198,37,"1939, 1940, 1941, 1942, 1943, 1944, 1945, 1946, 1992, 1993, 1994, 1995, 1996, 1997, 1998, 1999, 2000, 2001, 2004, 2005, 2006, 2007, 2008, 2009, 2010, 2012, 2013, 2014, 2015, 2016, 2017, 2018, 2019, 2020, 2021, 2022, 2023"
"09517000","HASSAYAMPA RIVER NEAR ARLINGTON, AZ",15070103,33.3472844,-112.7257391,32,"1991, 1992, 1993, 1994, 1995, 1996, 1997, 1998, 1999, 2000, 2001, 2002, 2003, 2004, 2005, 2006, 2007, 2008, 2009, 2010, 2011, 2012, 2013, 2014, 2015, 2016, 2017, 2018, 2019, 2020, 2021, 2022"
"09517490","CENTENNIAL WASH AT SOUTHERN PACIFIC RAILROAD BRDG",15070104,33.31031984,-112.8818423,31,"1981, 1982, 1983, 1990, 1991, 1992, 1993, 1995, 1996, 1997, 1998, 1999, 2000, 2001, 2003, 2006, 2007, 2008, 2010, 2011, 2012, 2013, 2014, 2015, 2016, 2017, 2018, 2019, 2020, 2021, 2022"
"09517500","CENTENNIAL WASH NR ARLINGTON, AZ",15070104,33.2700431,-112.79795,16,"1961, 1962, 1964, 1965, 1966, 1967, 1968, 1969, 1970, 1971, 1972, 1973, 1974, 1975, 1976, 1978"
"09520170","RIO CORNEZ NR AJO, AZ",15070202,32.4995006,-112.8812676,11,"1967, 1968, 1969, 1970, 1971, 1972, 1973, 1974, 1975, 1976, 1977"
"09520280","GILA RIVER NEAR DATELAND, AZ",15070201,32.87928056,-113.5412639,24,"1994, 1995, 1996, 1997, 1998, 1999, 2003, 2004, 2005, 2006, 2007, 2008, 2010, 2011, 2012, 2013, 2014, 2016, 2017, 2018, 2019, 2020, 2021, 2023"
"09520500","GILA RIVER NEAR DOME, AZ",15070201,32.7608789,-114.4205019,85,"1905, 1906, 1930, 1931, 1932, 1934, 1935, 1937, 1938, 1939, 1941, 1947, 1951, 1952, 1953, 1954, 1955, 1956, 1957, 1958, 1959, 1960, 1961, 1962, 1963, 1964, 1965, 1966, 1967, 1968, 1969, 1970, 1971, 1972, 1973, 1974, 1975, 1976, 1977, 1978, 1979, 1980, 1981, 1982, 1983, 1984, 1985, 1986, 1987, 1988, 1989, 1990, 1991, 1992, 1993, 1994, 1995, 1996, 1997, 1998, 1999, 2000, 2001, 2002, 2003, 2004, 2005, 2006, 2007, 2008, 2009, 2010, 2011, 2012, 2013, 2014, 2015, 2016, 2017, 2018, 2019, 2020, 2021, 2022, 2023"
"09522660","GILA MONSTER FARMS TURNOUT NO. 1 NEAR YUMA, AZ",15070201,32.74586944,-114.4787944,19,"2005, 2006, 2007, 2008, 2009, 2010, 2011, 2012, 2013, 2014, 2015, 2016, 2017, 2018, 2019, 2020, 2021, 2022, 2023"
"09522680","GILA MONSTER FARMS TURNOUT NO. 2 NEAR YUMA, AZ",15070201,32.74388889,-114.4616667,12,"2012, 2013, 2014, 2015, 2016, 2017, 2018, 2019, 2020, 2021, 2022, 2023"
"09529100","FORTUNA WASTWAY NR YUMA, AZ",15070201,32.71004709,-114.4455024,17,"1972, 1973, 1974, 1975, 1976, 1977, 1978, 1979, 1980, 1981, 1982, 1983, 1984, 1985, 1986, 1987, 1988"
"09535100","SAN SIMON WASH NEAR PISINIMO, AZ.",15080101,32.044237,-112.3709706,43,"1973, 1974, 1975, 1976, 1977, 1978, 1979, 1980, 1981, 1982, 1983, 1984, 1985, 1986, 1987, 1988, 1989, 1990, 1991, 1992, 1993, 1994, 1995, 1996, 1997, 1998, 1999, 2000, 2001, 2002, 2003, 2004, 2005, 2006, 2007, 2008, 2009, 2010, 2011, 2012, 2013, 2014, 2015"
"09535300","VAMORI WASH AT KOM VO, AZ",15080101,31.95118436,-112.3479136,51,"1973, 1974, 1975, 1976, 1977, 1978, 1979, 1980, 1981, 1982, 1983, 1984, 1985, 1986, 1987, 1988, 1989, 1990, 1991, 1992, 1993, 1994, 1995, 1996, 1997, 1998, 1999, 2000, 2001, 2002, 2003, 2004, 2005, 2006, 2007, 2008, 2009, 2010, 2011, 2012, 2013, 2014, 2015, 2016, 2017, 2018, 2019, 2020, 2021, 2022, 2023"
"09537200","LESLIE CREEK NEAR MCNEAL, AZ.",15080301,31.5900961,-109.5089559,45,"1970, 1971, 1972, 1973, 1974, 1975, 1976, 1983, 1984, 1985, 1986, 1987, 1988, 1989, 1990, 1991, 1992, 1993, 1994, 1995, 1996, 1997, 1998, 1999, 2000, 2001, 2002, 2003, 2004, 2005, 2006, 2007, 2008, 2009, 2010, 2012, 2013, 2014, 2015, 2016, 2017, 2018, 2021, 2022, 2023"
"09537500","WHITEWATER DRAW NEAR DOUGLAS, AZ.",15080301,31.35232457,-109.5850677,68,"1931, 1932, 1933, 1936, 1937, 1938, 1939, 1940, 1941, 1942, 1943, 1944, 1945, 1946, 1949, 1950, 1951, 1952, 1953, 1954, 1955, 1956, 1957, 1958, 1959, 1960, 1961, 1962, 1963, 1964, 1965, 1966, 1967, 1968, 1969, 1970, 1971, 1972, 1973, 1974, 1975, 1976, 1977, 1978, 1979, 1980, 1981, 2003, 2004, 2005, 2006, 2007, 2008, 2009, 2010, 2011, 2012, 2013, 2014, 2015, 2016, 2017, 2018, 2019, 2020, 2021, 2022, 2023"
"094985005","PINTO CREEK ABOVE HAUNTED CANYON NR MIAMI, AZ",15060103,33.4058333,-110.9986111,16,"2008, 2009, 2010, 2011, 2012, 2013, 2014, 2015, 2016, 2017, 2018, 2019, 2020, 2021, 2022, 2023"
